Model,SMILES,Norm_Bertz,Norm_Barone,Norm_Bottcher,Norm_Spacial
MolDQN-MLP,[B]n1c(C=C2C=CC=N2)ccc1NN,79.10865207455575,119.76223776223776,146.85639240194234,139.35437881873727
MolDQN-MLP,C=c1c(CC)nc2c(C)c3c4c1c2n3BO4,539.858764390639,434.1328671328671,443.7900242282303,239.050916496945
MolDQN-MLP,CNC12NOOC1C(C)=C(O)c1[nH]c3c(O)cn(B(F)F)c3c12,633.9093074772459,643.7132867132867,781.5692334999644,1000.0
MolDQN-MLP,C#CC1=C(C)C(=Cc2cccn2C=O)N=C1C,325.1569234508963,294.4125874125874,199.76212830244404,257.3625254582485
MolDQN-MLP,Cn1cccc1C=Cc1occ[n+]1C,72.76239117393078,105.79020979020979,260.1738472806332,39.65784114052953
MolDQN-MLP,NC1=C(F)C2=Cc3cccn3[B][N+]2=C1,201.7050421374581,259.4825174825175,391.76023959754383,273.6395112016293
MolDQN-MLP,FBn1cccc1C=C1N=C2CCC3=CC1=C2C3,395.0828932143876,469.06293706293707,295.58037229890385,489.30957230142565
MolDQN-MLP,NNC1=[N+]2[B]n3cccc3C=C2C=C1,164.45681523056143,238.52447552447552,332.536631518884,245.15478615071282
MolDQN-MLP,NC1(O)C=CC=Cc2cccn2[B]N1,37.08844774823565,133.73426573426573,276.6704078864561,487.2749490835031
MolDQN-MLP,N#COc1ccc(C=C2CC=C=N2)n1B(N)N,265.4706631367733,280.44055944055947,324.79396931882593,188.18533604887983
MolDQN-MLP,FB(F)[N+]1=CC=CC1=Cc1[nH]c2cc1ON2,231.08733888090808,315.3706293706294,445.2860730891448,267.53564154786153
MolDQN-MLP,Cc1ccc2c(NO)c3c(n12)=C=CC=C3,390.6805120499306,308.3846153846154,256.9360505541349,145.4582484725051
MolDQN-MLP,Cn1cccc1C=CC1=C2CCC(=C1)C2=N,256.9068665110234,287.42657342657344,186.69633797272198,338.7474541751527
MolDQN-MLP,C#CC=Cc1ccn2cnccc12,171.16898471394842,133.73426573426573,117.07979868297393,1.0
MolDQN-MLP,C#Cn1ccc(OO)c1C=CC=C(C=C)C=N,196.75618940941467,168.66433566433568,230.67875191118821,51.865580448065174
MolDQN-MLP,C#Cn1cccc1C(C#N)=C1C=C(N)C=N1,316.571422558839,301.3986013986014,232.91048281002017,178.01221995926682
MolDQN-MLP,CC=CC(C)=Cc1cccn1B(F)CO,23.3480649392547,7.986013986013986,252.57373507198363,43.72708757637474
MolDQN-MLP,C[C+]1C=C(C=C(C=CO)[N+](=Cc2cc[nH]c2OO)[B-](F)F)C2=CC=CC=[N+][B-](F)(F)[N+]C2=C1,1000.0,1000.0,1000.0,888.0957230142566
MolDQN-MLP,Cc1cc(C=C2C=CC=[N+]2B(F)F)n(C)c1,186.61564292183746,189.6223776223776,296.19320483448666,214.63543788187374
MolDQN-MLP,NNc1ccc2n1[B][N+]1=C(N)C=CC1=C2,217.97689487606672,287.42657342657344,377.96202901250507,269.5702647657841
MolDQN-MLP,Cn1c2cc(c1N)N(N)C(C1C(N)=C(N)N3N=NNC=C3C1O)=C2,633.0725328820795,720.5594405594406,737.1500879160446,985.7576374745418
MolDQN-MLP,CC(=C1C=CC=N1)c1cccn1C=N,103.19307938860271,126.74825174825176,99.88320161542985,139.35437881873727
MolDQN-MLP,CSC(=C1C=CC=N1)c1cccn1B(F)F,141.64414459221038,175.65034965034965,252.73930912399578,192.25458248472503
MolDQN-MLP,[B]n1cc(F)c(F)c1C(O)=C(CC)N(CO)C12C=CC(OO1)N2N,476.9080746125409,517.965034965035,869.1567408585581,993.8961303462322
MolDQN-MLP,Nc1[n-]c(C=C2C=CC=N2)c(O)c1OO,134.32089812794823,182.63636363636365,201.79648907732565,163.76985743380857
MolDQN-MLP,CCN=C1Cn2c3c1c(c2C(O)=NC=C=O)C#C3,469.9676342932141,469.06293706293707,373.69001348284127,257.3625254582485
MolDQN-MLP,Nc1c(O)cn2c3c(cc12)C=CC=C=3,371.5238218996756,287.42657342657344,224.80487643399968,125.11201629327903
MolDQN-MLP,NC1=C(N)C(=Cc2cccn2C=O)N=C1,180.46763388420578,182.63636363636365,239.02313208705414,202.42769857433808
MolDQN-MLP,CNc1c(N=O)[nH]c(C=C2C(N)=CC=[N+]2B(N)F)c1N,376.13947556981896,399.20279720279717,654.1527090483298,314.33197556008145
MolDQN-MLP,N=NCSC1=C2C=CC=[N+]2B(F)n2cccc21,284.4933166038885,343.31468531468533,552.5705696904585,338.7474541751527
MolDQN-MLP,NNC1=[N+]2[B]n3c(cc(ON)c3O)C=C2C(F)=C1F,417.21568610322004,462.0769230769231,696.8013863952929,405.8900203665988
MolDQN-MLP,[B]n1c(C=CC=CC=N)ccc1NC,14.426887979497177,1.0,154.28191067628038,5.069246435845214
MolDQN-MLP,C=Cn1cccc1C=C1C=CC(O)=N1,124.62080069042408,126.74825174825176,119.86074964772892,157.66598778004072
MolDQN-MLP,FBn1cccc1C=C1C=CC=N1,30.579107918348363,70.86013986013987,129.90373951228472,114.938900203666
MolDQN-MLP,Cc1cc2c(ccn2BF)c(C)c1C,173.06010152449613,133.73426573426573,145.77195644840185,60.004073319755605
MolDQN-MLP,C=C=C(N=N)C(=Cc1ccc(O)n1CN)N=CC,248.9376210316365,203.59440559440557,214.51781845607434,88.4887983706721
MolDQN-MLP,C#CC(=C1C=CC=N1)c1c2ccn1c(C)c2,394.75405254122916,357.28671328671334,184.36111820993605,239.050916496945
MolDQN-MLP,Cn1cccc1C=C1C=CC(O)=N1,74.36877753432212,84.83216783216784,77.49723407251184,143.42362525458248
MolDQN-MLP,C#Cc1ccc2n1[B-](F)(F)[N+]1=C(C)C(C)=C(O)C1=C2,505.1882752160873,503.99300699300704,523.0954226810518,525.9327902240326
MolDQN-MLP,Cc1cc[n-]c1C=C1C=CC=N1,1.0,49.9020979020979,1.0,98.66191446028513
MolDQN-MLP,NC1=NC(=Cc2cccn2B(F)F)C=C1,137.49916547539362,154.6923076923077,172.75514344327448,186.15071283095722
MolDQN-MLP,C=CBn1cccc1C=C1C=CC(N)=N1,145.49873627746703,154.6923076923077,198.84477335673378,173.94297352342159
MolDQN-MLP,OC1=CC2=Cc3cc(O)cn3B(F)[N+]2=C1,245.7317447585638,294.4125874125874,475.97426365412497,298.05498981670064
MolDQN-MLP,NC1=CC=Cc2cccn2CC=C1N,88.66912121897441,161.67832167832168,167.0506915223567,206.49694501018328
MolDQN-MLP,COc1cc2n(c1)[B-](F)(F)[N+]1=CC=CC1=C2SC,340.6923643467693,385.2307692307692,550.4208723397238,470.99796334012217
MolDQN-MLP,CC1=[N+]2C(=C(S)c3cc(O)cn3[B-]2(F)F)C=C1,355.6439291779283,385.2307692307692,503.8023796505679,475.0672097759674
MolDQN-MLP,CC(N)n1cccc1C=C1N=CC=C1NO,148.2503127665853,168.66433566433568,234.1250333214116,277.70875763747455
MolDQN-MLP,C=CC1=Cc2cccn2[B-](F)(F)[N+]1=CO,158.64488220834636,182.63636363636365,352.9871241687065,300.0896130346232
MolDQN-MLP,OCC(=C1C=CC=N1)c1cc2c#cn1c2,266.6890646128568,315.3706293706294,172.97631143152188,216.67006109979636
MolDQN-MLP,CC(=Cc1cccn1B(F)C=CO)N=C1C=CC=CC1=N,422.90776157663913,392.2167832167832,489.15388360388295,308.22810590631366
MolDQN-RF,C1#CCn2cccc2C=CC=C1,227.94003416256385,429.1428571428571,298.80862050064104,352.76056338028167
MolDQN-RF,CC=CC=Cc1ccc(C)n1CC,126.10568124301172,143.7142857142857,297.16728625111045,160.46478873239437
MolDQN-RF,Cn1cc(N)cc1C=CC=CC=N,170.62505736089838,198.6043956043956,387.95133682165914,132.32394366197184
MolDQN-RF,C1=CCn2cccc2C=C1,69.37460525926636,187.62637362637363,221.53527117126708,277.71830985915494
MolDQN-RF,C=CC=Cc1cccn1C=N,73.6981549622951,77.84615384615385,244.78383339527258,33.83098591549296
MolDQN-RF,C=CC=Cc1cccn1C,14.938841074555516,1.0,162.75959204947137,1.0
MolDQN-RF,C=C=CC=Cc1cc2ccn1c2,317.7136213259873,341.31868131868134,309.2884562915784,212.05633802816902
MolDQN-RF,[B]NC(C=CC=Cc1cc(F)c[nH]1)NN,168.46607822732,286.4285714285714,525.5906757146669,418.4225352112676
MolDQN-RF,Cn1ccc(N)c1C=CC=Cc1c(N)ccn1C,416.26087569013976,637.7252747252746,217.35324323078103,437.18309859154925
MolDQN-RF,OCC=CC=Cc1cc2ccn1c2O,357.9051369259212,407.1868131868132,503.2924967397787,348.07042253521126
MolDQN-RF,C=CC=Cc1cccn1CCCCCCCCC,172.4480338802436,264.4725274725275,413.89797736993694,451.2535211267606
MolDQN-RF,N=Cc1cc(N)c2n1CC=CC=C2,249.17385079209993,407.1868131868132,473.2425205676744,427.80281690140845
MolDQN-RF,OB(O)n1c2ccc1cc2,74.34089198823422,176.64835164835165,55.35757423133375,99.49295774647887
MolDQN-RF,Cc1c2ccn1cc2,1.0,66.86813186813187,1.0,1.0
MolDQN-RF,N=c1cnc2cc(C=C3C=CC=N3)n1c2,607.5239781963984,714.5714285714286,635.7440874252519,671.6901408450705
MolDQN-RF,C#Cn1cccc1C=C1C=CC=N1,292.42202330553357,429.1428571428571,356.3218158263834,394.97183098591546
MolDQN-RF,C=Cn1c(C)ccc1C=C1C=CC=N1,301.5532746625512,429.1428571428571,401.7925334283165,479.39436619718305
MolDQN-RF,Cn1cccc1C=C1C=CC(N=N)=[N+]1B(F)F,471.42965512773964,626.7472527472528,697.5414345880126,732.661971830986
MolDQN-RF,C=Cn1cccc1C=C1C=CC=N1,241.44367028391957,363.27472527472526,345.4788556808169,418.4225352112676
MolDQN-RF,C=C(C)n1cccc1C=C1C=CC(N)=[N+]1B(F)F,531.8978201080644,681.6373626373627,851.4450967745983,788.9436619718309
MolDQN-RF,C=Cn1cccc1C=C1C=CC=[N+]1B(F)F,403.6767921355627,538.9230769230769,726.0490148465303,624.7887323943662
MolDQN-RF,On1cccc1C=C1C=CC=N1,189.8189906230802,308.3846153846154,343.3091493939153,380.9014084507042
MolDQN-RF,C1=CC(=Cc2ccc[n-]2)N=C1,103.95188594417431,253.4945054945055,212.69676962986077,324.6197183098592
MolDQN-RF,Cn1cccc1C=C1C=CC=N1,182.66517347755692,297.4065934065934,281.0529251011695,385.59154929577466
MolDQN-RF,Cc1cc2ccn1c2C=C1C=CC=N1,470.0313463954729,604.7912087912088,445.2587924260895,638.8591549295775
MolDQN-RF,N=Cn1cccc1C=C1C=CC=[N+]1B(F)F,406.8488753366169,549.901098901099,743.6473256126842,624.7887323943662
MolDQN-RF,C=C(C)n1cccc1C=C1C=CC=N1,301.1793926872036,429.1428571428571,401.7925334283165,479.39436619718305
MolDQN-RF,C=NC(C=CC[N+]B(F)F)=Cc1cccn1C,291.210093103668,374.25274725274727,567.5207844970821,348.07042253521126
MolDQN-RF,Cn1cccc1C=C1C=CC=[N+]1B(F)F,342.51734175709663,473.05494505494505,661.6230842668831,591.9577464788732
MolDQN-RF,C#Cc1c(O)c(OO)n(C)c1C#CC=C,398.76634429936735,484.032967032967,542.6554201137246,188.6056338028169
MolDQN-RF,ONC1C=CC=CC=Cc2cccn21,235.74958324694762,440.1208791208791,457.9488265424987,892.1267605633802
MolDQN-RF,OC1(O)C=CC=Cc2cccn21,173.84897992512052,319.3626373626373,362.41388395552286,643.5492957746478
MolDQN-RF,CCn1cccc1C=C1C=CC=N1,203.41638631134632,330.34065934065933,329.34876843202835,441.8732394366197
MolDQN-RF,CC#CC(N)=c1c(=CN(C(C)C)C(C)C)[nH]c2ccn(B(F)F)c12,1000.0,1000.0,999.8997273042079,807.7042253521126
MolDQN-RF,N=C=CC=Cc1cccn1C(=N)C(N)NN,312.27621954529144,396.2087912087912,588.0092451209111,437.18309859154925
MolDQN-RF,Cc1cc(O)n2cnc3c(c12)=C(N)CN(C#N)C=3,882.2370244964968,956.0879120879122,1000.0,784.2535211267606
MolDQN-RF,OCn1cccc1C=C1C=CC=[N+]1B(F)F,371.7676292045753,516.967032967033,754.2058537202802,648.2394366197184
MolDQN-RF,Cn1cccc1C=C1C=CC=[N+]1B(N)F,341.36587525512175,473.05494505494505,740.6569522010175,591.9577464788732
MolDQN-RF,[B][N+]1=CC=CC1=Cc1ccc(O)[nH]1,277.32661276962983,429.1428571428571,609.6330929943391,484.0845070422535
MolDQN-RF,Cn1cccc1C=C1C=C(N)C=N1,265.97063216748705,374.25274725274727,384.7630867381038,488.77464788732397
MolDQN-RF,Cn1c(O)ccc1C=C1C=CC=[N+]1B(F)F,411.4249207685839,549.901098901099,791.2011941354363,648.2394366197184
MolDQN-RF,Fn1cccc1C=C1C=CC=N1,189.8189906230802,308.3846153846154,345.4572753016824,385.59154929577466
MolDQN-RF,Cn1cccc1C=CC=C=CN=NC(N)=NNOO,463.6191274594047,571.8571428571428,563.5060621502757,362.14084507042253
MolDQN-RF,N#Cn1cccc1C=C1C=CC=N1,295.5941065065875,440.1208791208791,376.745252321463,394.97183098591546
MolDQN-RF,N#Cn1cccc1C=C1C=CC=[N+]1B(F)F,459.60586941322634,615.7692307692308,757.3154114871763,601.3380281690141
MolDQN-RF,CCn1cccc1C=CC=CN,74.11891664678386,88.82417582417582,288.2500923930453,94.80281690140845
MolDQN-RF,Cc1ccc2n1C(C)C(N)=NC=CC=C2,329.8416286974286,538.9230769230769,454.0186016508371,1000.0
MolDQN-RF,Cc1ccc2n1CC=NC=CC=C2,225.14514696920733,418.16483516483515,350.21402159839636,488.77464788732397
MolDQN-RF,C1=CN=CCn2cccc2C=C1,166.69516277959733,352.2967032967033,293.9003438508966,427.80281690140845
MolDQN-RF,CC=C(N)C=Cc1cccn1C,110.13208116107388,121.75824175824175,296.2679268096862,99.49295774647887
MolFinder-MLP,OP[SH](PN1ONN[PH]1C1=CC=C1)[SH]N1PC2=CC(C(F)=[SH][S](Cl)Cl)=CC21Cl,668.8099962868795,660.7169811320755,346.3555193876693,431.94117647058823
MolFinder-MLP,N=S(N[SH][SH]1(CP)NN[PH]1C1=CC=C1)N1NPC2=CC(C(F)=[SH][S](F)F)=CC21Cl,868.4947875555397,792.6603773584906,506.94861948500153,598.4411764705882
MolFinder-MLP,C[P](P)(PN1ONN[PH]1C1=CC=C1)N1PC2=CC(C(F)=[SH]S(=N)PO)=CC21Cl,832.7973757977423,679.566037735849,525.6159424214252,632.7205882352941
MolFinder-MLP,NO[S](N1ONN[PH]1C1=CC=C1)[N+]1PC2=CC(C(F)=[SH][SH](P)[SH]P)=CC21Cl,622.7178475022537,585.3207547169811,498.9480556940751,255.6470588235294
MolFinder-MLP,N=S(PN1ONN[PH]1C1=CC=C1)N1PC2=CC(C(F)=[SH][SH](P)SN)=CC21Cl,722.5456587964404,641.8679245283018,399.1125922069088,441.7352941176471
MolFinder-MLP,CPCC[SH]1([SH](C)[SH](O)N2PC3=CC(C(F)=[SH][S](F)F)=CC32Cl)NN[PH]1C1=CC=C1,854.8271254222012,811.5094339622642,688.1191236289203,1000.0
MolFinder-MLP,CPC[SH]1([SH](CF)[SH](O)N2PC3=CC(C(F)=[SH][S](F)F)=CC32Cl)NN[PH]1C1=CC=C1,859.8296612715516,830.3584905660377,796.2936245871674,1000.0
MolFinder-MLP,C[S](P[SH](P)N1ONN[PH]1C1=CC=C1)[SH]=C(F)C1=CC2(Cl)C(=C1)PPN2OF,667.6719310063959,641.8679245283018,614.7073950214614,549.4705882352941
MolFinder-MLP,N=S(CF)[SH]=C(F)C1=CC2(Cl)C(=C1)PP[N+]2N(N)PPN1ONN[PH]1C1=CC=C1,809.7611064324325,736.1132075471697,464.0663037848833,573.9558823529411
MolFinder-MLP,N=S(Cl)[SH]=C(F)C1=CC2(Cl)C(=C1)PO[N+]2P(OOP)PN1ONN[PH]1C1=CC=C1,822.25709485093,754.9622641509435,772.430041436751,529.8823529411765
MolFinder-MLP,N=S([SH]=C(F)C1=CC2(Cl)C(=C1)PN2O)[SH](O)NPN1ONN[PH]1PC1=CC=C1,773.1650114256753,717.2641509433962,409.3439996794476,559.2647058823529
MolFinder-MLP,FON1PPC2=CC(C(F)[S](Br)[SH](OP)N3NPN[PH]3C3=CC=C3)=CC21Cl,496.7072494851938,396.8301886792453,447.764526308893,745.3529411764706
MolFinder-MLP,N=S(P)[SH]=C(F)C1=CC2(Cl)C(=C1)PN2NN(F)PPN1ONN[PH]1C1=CC=C1,767.420772556722,641.8679245283018,413.8138686617934,338.89705882352945
MolFinder-MLP,N=S(CN1ONN[PH]1C1=CC=C1)N1PC2=CC(C(F)=[SH][SH](P)[SH]S)=CC21Cl,719.2172115650924,660.7169811320755,399.3844502173978,382.9705882352941
MolFinder-MLP,N=S(N1PPC2=CC(C(F)=[SH][S](F)F)=CC21Cl)[SH](P)N1ONN[PH]1C1=CC=C1,808.3659110597212,773.811320754717,394.71411406981065,647.4117647058824
MolFinder-MLP,N=S(NPN1ONN[PH]1C1=CC=C1)[SH](P)N1PC2=CC(C(F)=[SH][S](F)F)=CC21Cl,853.2077204305753,811.5094339622642,512.7412705815802,588.6470588235294
MolFinder-MLP,N=S(P)[SH]=C(F)C1=CC2(Cl)C(=C1)P[N+]2S(=N)CPN1ONN[PH]1C1=CC=C1,824.1634383618718,641.8679245283018,584.2946618113685,348.69117647058823
MolFinder-MLP,FC(=[SH][S](P)[SH](CP)N1ONN[PH]1C1=CC=C1)C1=CC2(Cl)NPPC2=C1,531.9008101480148,472.22641509433964,134.4855520859955,270.3382352941176
MolFinder-MLP,N=S(Cl)[SH]=C(F)C1=CC2(Cl)C(=C1)P[N+]2(OPSN1ONN[PH]1C1=CC=C1)PCl,816.6818059139744,679.566037735849,899.9281815656243,941.2352941176471
MolFinder-MLP,N=S([SH]=C(F)C1=CC2(Cl)C(=C1)PN2OF)[SH](O)CPN1ONN[PH]1POC1=CC=C1,867.0224842189574,849.2075471698114,792.1271917862532,657.2058823529412
MolFinder-MLP,N=S([SH][SH](PF)N1ONN[PH]1C1=CC=C1)[SH]=C(F)C1=CC2(Cl)C(=C1)PN2OF,778.0342783524882,754.9622641509435,607.5291164416326,500.5
MolFinder-MLP,FON1PPC2=CC(C(F)=[SH][SH](P)[SH][S](OCl)N3ONN[PH]3C3=CC=C3)=CC21Cl,723.207950185669,773.811320754717,660.2007767617,549.4705882352941
MolFinder-MLP,N=[PH](N1PC2=CC(C(F)=[SH][S](F)F)=CC21Cl)[SH](CF)[SH]1(CP)NN[PH]1C1=CC=C1,906.5966598568772,792.6603773584906,699.8703947989729,789.4264705882352
MolFinder-MLP,BN(PN1ONN[PH]1PC1=CC=C1)[SH](O)N1PSC2=CC(C(F)=[SH][S](F)F)=CC21Cl,807.1342055297263,830.3584905660377,715.5065358165982,632.7205882352941
MolFinder-MLP,CP[SH](NPN1ONN[PH]1C1=CC=C1)N1PC2=CC(C(F)=[SH]S(=N)F)=CC21Cl,767.8359008755036,698.4150943396226,637.1676395799218,559.2647058823529
MolFinder-MLP,O[SH](SNPN1ONN[PH]1C1=CC=C1)[SH](O)N1PC2=CC(C(F)=[SH][S](F)F)=CC21Cl,799.140420677761,868.0566037735849,599.3602838126548,740.4558823529412
MolFinder-MLP,N=S(P)[SH]=C(F)C1=CC2(Cl)C(=C1)P[N+]2(OOO)PPN1ONN[PH]1C1=CC=C1,811.3007103528338,679.566037735849,498.5357367158284,941.2352941176471
MolFinder-MLP,NO[S](ON(F)N1ONN[PH]1C1=CC=C1)S[SH](F)SNNP1PN[PH]1OO,1.0,1.0,16.63043471292854,1.0
MolFinder-MLP,C=[SH][PH]1NN[SH]1(CO)[SH](O)N1PC2=CC(C(F)=[SH][S](F)F)=CC21Cl,277.5784351606608,114.09433962264151,113.01062083654745,113.63235294117648
MolFinder-MLP,C[SH]1([SH](NP)[SH](O)N2PC3=CC(C(F)=[SH][S](F)F)=CC32Cl)NN[PH]1C1=CC=C1,775.8958814125921,717.2641509433962,555.3330860333906,823.7058823529411
MolFinder-MLP,C=S(N1PPC2=CC(C(F)=[SH][S](F)F)=CC21Cl)[SH](F)[SH]1(C)NN[PH]1C1=CC=C1,869.1827451430446,754.9622641509435,493.7446395974762,906.9558823529412
MolFinder-MLP,N=S([SH]=C(F)C1=CC2(Cl)C(=C1)PPN2SF)[SH](P)N1ONN[PH]1C1=CC=C1,727.4149257232532,679.566037735849,441.4507263214925,559.2647058823529
MolFinder-MLP,CS(=N)[SH]=C(F)C1=CC2(Cl)C(=C1)PN2[SH](O)S(=N)NPN1ONN[PH]1C1=CC=C1,957.3477821574338,886.9056603773586,718.7471959414263,715.9705882352941
MolFinder-MLP,N=S(N1PPC2=CC(C(F)=[SH][S](F)F)=CC21Cl)[SH](NO)[SH]1(N)NN[PH]1C1=CC=C1,930.09837981102,868.0566037735849,449.5256009750674,965.7205882352941
MolFinder-MLP,N=S(O)[SH]=C(F)C1=CC2(Cl)C(=C1)PN2[SH](CPN1ONN[PH]1C1=CC=C1)[SH]=S,840.8573563348313,830.3584905660377,566.3805331019515,495.6029411764706
MolFinder-MLP,N=S(N1PPC2=CC(C(F)=[SH][S](F)F)=CC21Cl)[SH](O)[SH]1(NN)NN[PH]1C1=CC=C1,919.8480173230668,868.0566037735849,378.288736451522,965.7205882352941
MolFinder-MLP,O[SH](N1PC2=CC(C(F)=[SH][S](F)F)=CC21Cl)[SH](S)NPN1ONN[PH]1C1=CC=C1,751.4522072440726,792.6603773584906,464.8856481169983,681.6911764705883
MolFinder-MLP,C[SH](N1ONN[PH]1C1=CC=C1)S([SH]=C(F)C1=CC2(Cl)C(=C1)PPN2OF)=[SH]F,808.4178960706896,830.3584905660377,446.7491052684296,622.9264705882352
MolFinder-MLP,N=S(PN1ONN[PH]1C1=CC=C1)[SH]=C(F)C1=CC2(Cl)C(=C1)PPN2POF,689.9868335214328,585.3207547169811,374.0201849176639,427.0441176470588
MolFinder-MLP,O[SH]([C]1C=C1)=C1P=[SH]1(Cl)S(=P)N1PC2=CC(C(F)=[SH][S](F)F)=CC21Cl,938.4386610401328,377.98113207547175,246.24773232545658,162.6029411764706
MolFinder-MLP,N=S(N1ONN[PH]1C1=CC=C1)[N+]1PC2=CC(C(F)=[SH][SH](P)[SH]N)=CC21Cl,676.6205877689889,604.1698113207547,255.24799493642868,324.2058823529412
MolFinder-MLP,O[SH](SCPN1ONN[PH]1C1=CC=C1)[SH](O)N1PC2=CC(C(F)=[SH][S](F)F)=CC21Cl,796.0016920784531,849.2075471698114,636.8013580294728,740.4558823529412
MolFinder-MLP,FC(=[SH][S](F)F)C1=CC2(Cl)C(=C1)PN2S[SH][SH][SH]P1SNN[PH]1C1=CC=C1,568.4697615324752,566.4716981132075,1.0,270.3382352941176
MolFinder-MLP,OOOOOO[SH](NP=CON(F)N1ONN[PH]1C1=CC=C1)NP1PN[PH]1OO,129.7368636489505,189.49056603773587,317.59294033543944,69.55882352941177
MolFinder-MLP,NC[SH][SH](P)[SH]=C(F)C1=CC2(Cl)C(=C1)P[N+]2[S](N)PN1ONN[PH]1C1=CC=C1,659.6119504693065,641.8679245283018,536.3004126756297,373.1764705882353
MolFinder-MLP,N=S(O)[SH]=C(F)C1=CC2(Cl)C(=C1)PO[N+]2PPN(O)PN1ONN[PH]1C1=CC=C1,817.3878279241173,754.9622641509435,756.356538996298,515.1911764705882
MolFinder-MLP,N=S([SH]N(S)PPN1SN[PH]1C1=CC=C1)[SH]=C(F)C1=CC2(Cl)C(=C1)PN2OF,772.6531827913475,641.8679245283018,586.678383945066,280.13235294117646
MolFinder-MLP,N=[S](=N)[SH]=C(F)C1=CC2(Cl)C(=C1)P[N+]2OPPN1ONN[PH]1PC1=CC=C1,803.6107283749968,566.4716981132075,147.50592563374028,128.3235294117647
MolFinder-MLP,C[SH](N1PC2=CC(C(F)=[SH]S(=N)CO)=CC21Cl)S(=N)NPN1ONN[PH]1C1=CC=C1,1000.0,943.4528301886793,861.7646410094949,774.7352941176471
MolFinder-MLP,C=S(N1PC2=CC(C(F)=[SH][S](F)F)=CC21Cl)[SH](F)ON(F)N1ONPN[PH]1C1=CC=C1,985.871569045169,1000.0,1000.0,853.0882352941176
MolFinder-RF,OOOO[S](NF)ON(O)N1ON[PH]1N(O)PN1ONN[PH]1PN1O[PH]1C1=CC=C1,856.9983310357087,789.6842105263158,909.7290633054469,1000.0
MolFinder-RF,OOOO[S](NPF)ON(O)N1ON[PH]1N(O)PN1NPN[PH]1PC1=CC=C1,462.04643039125824,404.10526315789474,344.1293376605156,496.56692913385825
MolFinder-RF,OOO[S](NF)ON(O)N1ON[PH]1N(O)PN1NPPN[PH]1PC1=CC=C1,390.7813367537282,369.05263157894734,259.6934476276046,528.0314960629921
MolFinder-RF,OOO[S](NF)ON(O)N1ON[PH]1N(O)PN1ONN[PH]1PNN1ONN[PH]1C1=CC=C1,1000.0,1000.0,1000.0,984.2677165354331
MolFinder-RF,OOOOOO[SH](N=CON(F)N1ONN[PH]1C1=CC=C1)OP1PPN[PH]1OF,651.4279114534417,614.421052631579,504.995856871945,740.4173228346457
MolFinder-RF,OOOOO[SH](NP1PPN[PH]1OO)N[S](OO)ON(F)N1ONN[PH]1C1=CC=C1,610.1002931952207,649.4736842105264,514.015480658565,819.0787401574803
MolFinder-RF,NO[PH]1NPPP1N[SH](ON=CON(F)N1ONN[PH]1C1=CC=C1)OOOOO,643.3279406581007,614.421052631579,577.066336833936,729.9291338582677
MolFinder-RF,NOO[S](NNP1PN[PH]1OO)OPS[S](ON)ON(F)N1ONN[PH]1C1=CC=C1,611.9945920581129,544.3157894736843,744.9920044934133,638.1574803149606
MolFinder-RF,ON(O[S](N[SH][SH](PSF)SP)OOPOSF)N1ONN[PH]1C1=CC=C1,171.75051320037957,158.73684210526315,264.7739231270479,63.92913385826772
MolFinder-RF,ON(O[S](N[SH][SH](PSF)SP)OONPF)N1ONN[PH]1C1=CC=C1,100.18539344306699,88.63157894736841,164.26021641352074,32.46456692913386
MolFinder-RF,NO[S](ON(F)N1ONN[PH]1C1=CC=C1)SN[S](OO)OP1PPN[PH]1OO,477.76595556780535,439.1578947368421,482.31503637301176,638.1574803149606
MolFinder-RF,NO[S](ON(F)N1ONN[PH]1C1=CC=C1)SONN[S](OO)OP1PPN[PH]1OO,620.9932145155027,579.3684210526316,695.0125431233494,701.0866141732283
MolFinder-RF,ON(O[S](N[SH][SH](PSF)SP)OOOPSCl)N1ONN[PH]1C1=CC=C1,180.7491356577687,158.73684210526315,217.73263310640786,63.92913385826772
MolFinder-RF,NO[S](ON(F)N1ONN[PH]1C1=CC=C1)SPO[S](ON)N1NPP[PH]1OO,477.76595556780535,439.1578947368421,650.97767497802,528.0314960629921
MolFinder-RF,NO[S](ON(F)N1ONN[PH]1C1=CC=C1)SNONO[SH](NP1PN[PH]1OO)OOO,679.0693409066384,684.5263157894738,799.133141605945,756.1496062992126
MolFinder-RF,OOO[S](N[SH]SP1PPN[PH]1OO)ON(F)N1ONN[PH]1C1=CC=C1,272.5719434752328,316.4736842105263,172.73766916689362,559.496062992126
MolFinder-RF,ON(O[S](N[SH][SH](CP)PF)OONPP)N1ONN[PH]1C1=CC=C1,1.0,1.0,100.767142263306,1.0
MolFinder-RF,OOOOOO[SH](NP1PN[PH]1OO)OP=CON(F)N1ONN[PH]1C1=CC=C1,629.6761404428732,579.3684210526316,523.8713121277474,667.0
MolFinder-RF,NO[S](ON(F)N1ONN[PH]1C1=CC=C1)SNNO[SH](NNP1PN[PH]1OO)OOO,679.0693409066384,684.5263157894738,711.481688236912,756.1496062992126
MolFinder-RF,OOOO[SH](NP1PPN[PH]1OO)ONN=CON(F)N1ONN[PH]1C1=CC=C1,643.3279406581007,614.421052631579,510.2890906610247,729.9291338582677
MolFinder-RF,NO[S](ON(F)N1ONN[PH]1C1=CC=C1)SSNNO[SH](O)NP1PN[PH]1OOO,622.6333393337941,614.421052631579,642.8462228979191,724.6850393700788
MolFinder-RF,NO[S](ON(F)N1ONN[PH]1C1=CC=C1)SSNNO[SH](NP1PN[PH]1O)OOO,622.6333393337941,614.421052631579,642.8462228979191,724.6850393700788
MolFinder-RF,NO[S](ON(F)N1ONN[PH]1C1=CC=C1)SSNNO[SH](NP1PN[PH]1OO)OO,613.6347168764042,614.421052631579,670.8715248885177,724.6850393700788
MolFinder-RF,OOOOOO[S](NP1PPN[PH]1OO)ON[SH]=CON(F)N1ONN[PH]1C1=CC=C1,796.2273197694719,754.6315789473684,692.2152627088499,685.3543307086615
MolFinder-RF,OOOOOO[SH](NP1PN[PH]1OO)ON[SH]=CON(F)N1ONN[PH]1C1=CC=C1,710.6410927456104,719.578947368421,633.8952077978716,677.488188976378
MolFinder-RF,NO[S](ON(F)N1ONN[PH]1C1=CC=C1)SONNO[SH](O)NP1PN[PH]1OO,536.4025946110642,544.3157894736843,686.6719495824361,693.2204724409448
MolFinder-RF,OOO[PH]1NPPP1[SH](F)SN(O)SOOSN(S)N1ONC[PH]1C1=CC=C1,486.4314763724742,491.7368421052631,471.81453846541143,756.1496062992126
MolFinder-RF,NO[S](ON(F)N1ONN[PH]1C1=CC=C1)SN[SH](NOOCl)NP1PN[PH]1OO,555.9679194335214,544.3157894736843,576.6107895975703,693.2204724409448
MolFinder-RF,NO[S](ON(F)N1ONN[PH]1C1=CC=C1)SNO[SH](NP1PN[PH]1OO)ON,464.6293861392882,474.2105263157894,642.8462228979186,661.7559055118111
MolFinder-RF,NO[S](ON(F)N1ONN[PH]1C1=CC=C1)S[SH](PO)PP1N[PH]1OOO,334.8279961201803,298.9473684210526,195.5383460549843,567.3622047244095
MolFinder-RF,NN[SH](NP1PSN[PH]1OO)SS[S](ON)ON(F)N1ONN[PH]1C1=CC=C1,478.9691004970736,509.2631578947369,431.4378097917366,693.2204724409448
MolFinder-RF,OOON[SH](NP1PPN[PH]1OO)[S](O)ON(F)N1ONN[PH]1C1=CC=C1,399.3306333800934,439.1578947368421,257.7426847217301,724.6850393700788
MolFinder-RF,NO[S](ON(F)N1ONN[PH]1C1=CC=C1)S[S](NCl)NP1PPN[PH]1OO,423.118296026292,369.05263157894734,328.67858720164816,606.6929133858268
MolFinder-RF,NO[S](ON(F)N1ONN[PH]1C1=CC=C1)SN[SH](NNP1PN[PH]1OO)ON,462.16265456956194,474.2105263157894,511.36904284436855,661.7559055118111
MolFinder-RF,OO[PH]1NPPP1SS[S](OBr)ON(F)N1ONN[PH]1C1=CC=C1,147.9154975275701,141.21052631578948,1.0,496.56692913385825
MolFinder-RF,NO[S](ON(F)N1ONN[PH]1C1=CC=C1)SNON[SH](F)N1PP[PH]1OO,403.81402794594334,404.10526315789474,504.50932342443434,551.6299212598425
MolFinder-RF,OOON(SOOSN(S)N1ON[PH]1C1=CC=C1)S[SH](F)P1PPN[PH]1OO,483.10704746820136,474.2105263157894,433.6416714704033,724.6850393700788
MolFinder-RF,OO[PH]1NPPP1[SH](F)SN(O)SOOSN(S)N1ONN[PH]1C1=CC=C1,412.9288745816365,439.1578947368421,358.5750794591637,724.6850393700788
MolFinder-RF,OO[PH]1NPPP1SSNO[S](ON(F)N1ONN[PH]1C1=CC=C1)SCl,294.1539312938132,281.42105263157896,254.30767009873225,559.496062992126
MolFinder-RF,OOOOOON[SH](NN=CON(F)N1ONN[PH]1C1=CC=C1)NNP1PPN[PH]1OO,859.2195767455164,824.7368421052631,563.1654273433072,824.3228346456693
MolFinder-RF,NO[S](ON(F)N1ONN[PH]1C1=CC=C1)SNONN[SH](NP1PN[PH]1OO)OOO,679.0693409066384,684.5263157894738,748.8762882491816,756.1496062992126
MolFinder-RF,CO[S](ON(F)N1ONN[PH]1C1=CC=C1)[SH](N)NP1PPN[PH]1OO,258.76064909599444,281.42105263157896,141.3459612398687,661.7559055118111
MolFinder-RF,OOOOO[SH](N=CON(F)N1ONN[PH]1C1=CC=C1)NP1PPN[PH]1OO,571.0192860624919,544.3157894736843,389.17856873807267,708.9527559055118
MolFinder-RF,CO[S](ON(F)N1ONN[PH]1C1=CC=C1)S[SH](F)P1PPN[PH]1OO,273.5496892848041,281.42105263157896,135.01407130465364,661.7559055118111
MolFinder-RF,OOONS(=CON(F)N1ONN[PH]1C1=CC=C1)OOP1PPN[PH]1OO,552.6519016689889,439.1578947368421,429.72753271850496,593.5826771653543
MolFinder-RF,NO[S](ON(F)N1ONN[PH]1C1=CC=C1)SNON[SH](NOOO)NP1PN[PH]1OO,679.0693409066384,684.5263157894738,764.3580249191929,756.1496062992126
MolFinder-RF,OOO[SH](NN=CON(F)N1ON[PH]1C1=CC=C1)NP1PPN[PH]1OO,428.7201221097008,369.05263157894734,294.3760205745634,604.0708661417323
MolFinder-RF,NO[S](ON(F)N1ONN[PH]1C1=CC=C1)SN[SH](O)NP1PSN[PH]1OOO,479.4060803860967,509.2631578947369,558.4103328650082,693.2204724409448
MolFinder-RF,NO[S](ON(F)N1ON[PH]1C1=CC=C1)SNON[SH](NOOO)NP1PN[PH]1OF,619.2368655189083,579.3684210526316,786.092733011784,693.2204724409448
MolFinder-RF,NO[S](ON(F)N1ON[PH]1C1=CC=C1)SNON[SH](NP1PN[PH]1OO)ON,464.6293861392882,439.1578947368421,680.2408229101891,630.2913385826772
ReLeaSE-MLP,O=CC(=O)CCC(F)(F)F,247.2376826027997,235.61363636363637,238.39166052941783,154.27617328519855
ReLeaSE-MLP,NC(=O)N1CC1,121.9748941543409,144.79545454545456,187.66779455849178,145.25992779783394
ReLeaSE-MLP,O=C1NC(O)CCCO1,199.24123485494155,281.02272727272725,398.54309642206204,410.3375451263538
ReLeaSE-MLP,CS(=O)(=O)N1CCOCS1,361.84698990072854,303.72727272727275,528.3901118980133,367.0595667870036
ReLeaSE-MLP,O=C[SH]1(=O)BC=CC=C1CCCC1CO1,694.3467205951473,568.6136363636364,752.1484381222083,733.1191335740072
ReLeaSE-MLP,N#CC1=CC=C(S(=O)(=O)NO)CC1,780.4925820824564,538.340909090909,507.0150223851423,358.043321299639
ReLeaSE-MLP,CC1C(=O)C(=O)N1CC=O,371.26644608308595,334.0,482.34506045582765,395.91155234657043
ReLeaSE-MLP,CN1CCNC1,44.420575625469745,122.0909090909091,192.44932722144804,230.01263537906138
ReLeaSE-MLP,O=CSNN1C=Cc2ccccc2C1,709.0537651587415,629.1590909090909,550.3235737237771,303.94584837545125
ReLeaSE-MLP,O=CC(CO)NCC1=NCC=CC(F)=C1,598.274755618347,538.340909090909,606.4717088419429,433.7797833935018
ReLeaSE-MLP,CN(C)C(=O)Oc1ccco1,429.71081854193477,379.4090909090909,442.82230146128865,138.04693140794225
ReLeaSE-MLP,O=C1CCCc2ccccc21,553.7084859099624,523.2045454545454,285.72700580199296,275.0938628158845
ReLeaSE-MLP,N#Cc1cccc(F)c1F,552.6255016985664,455.09090909090907,340.3234774890871,114.60469314079423
ReLeaSE-MLP,CC1=NN=C2OCCCCC1CCCSCS2,574.5017464400307,757.8181818181818,642.4249102946881,803.4458483754512
ReLeaSE-MLP,CN(CCO)CNC1=CC=C2CC(CCC1)C2,579.5225783013358,765.3863636363636,499.45552862127755,691.64440433213
ReLeaSE-MLP,COCCOC,1.0,23.704545454545457,20.19696172221305,51.49097472924188
ReLeaSE-MLP,COC(C)C,1.2035498533486755,1.0,36.31168956880273,40.671480144404335
ReLeaSE-MLP,NC(=O)N1C(=O)NCCCCCN1NCCCN1CCOCC1,757.5931055651586,833.5,959.2630342599515,870.1660649819495
ReLeaSE-MLP,CC(=O)CN(C)C,104.8904080454666,99.38636363636363,148.1450355639528,76.73646209386281
ReLeaSE-MLP,CNC(=O)CO[O+]BP,151.04970808221665,167.5,377.6387386199377,94.76895306859205
ReLeaSE-MLP,CCCCN(C)C,32.90149069420741,46.409090909090914,76.96328411345455,83.94945848375451
ReLeaSE-MLP,COC(=O)N(C)C,108.17124257370962,106.95454545454545,208.8181546062155,53.294223826714806
ReLeaSE-MLP,O=C1CC(F)O1,113.82193184916285,159.9318181818182,239.4587693257273,294.92960288808666
ReLeaSE-MLP,COC1=CC=CC=C(C)CCCN1C1CCCCNCCCC1,811.9096018703118,901.6136363636364,633.2637974395491,906.231046931408
ReLeaSE-MLP,CCCN1CCCC1,78.24399918981202,159.9318181818182,106.66887824390324,273.2906137184115
ReLeaSE-MLP,NC(=O)CCC(F)(F)F,187.2153412505232,190.20454545454544,220.3235343573175,139.85018050541515
ReLeaSE-MLP,NCC(=O)CC=O,127.87885559556698,122.0909090909091,187.23042655252425,56.90072202166065
ReLeaSE-MLP,CN1CC(=O)CCCSCN1,251.48445626918846,356.7045454545455,428.27377717077945,428.37003610108303
ReLeaSE-MLP,COC(=O)N1C[SH]=[SH]1,240.97294214299978,311.29545454545456,439.83170181956,204.76714801444044
ReLeaSE-MLP,COC1C=CC=CNC1=O,340.43911437527237,356.7045454545455,398.2639102656157,388.6985559566787
ReLeaSE-MLP,CCC(=O)COC,85.77189106632655,91.81818181818183,165.64269849883306,65.91696750902527
ReLeaSE-MLP,O=C1CNC(=O)NCBC(CNCCCCO)=N1,622.122992973835,636.7272727272727,769.015135666406,493.2870036101083
ReLeaSE-MLP,CC(C)(C)C(=O)N1CCC1,254.38801689264815,273.45454545454544,222.40902089007452,287.71660649819495
ReLeaSE-MLP,[O-][NH+]1CCCC1,48.49705677805877,152.36363636363637,80.61598122629798,230.01263537906138
ReLeaSE-MLP,COCCOC(=O)c1cccc(C)c1,591.3684502073941,500.5,436.778838016967,202.9638989169675
ReLeaSE-MLP,CC(C)=O,18.84456694780328,16.136363636363637,1.0,1.0
ReLeaSE-MLP,COC(=O)CNC1=CC=C(C)C(=O)C1CCCCC1CCNNC1,1000.0,886.4772727272727,874.4281523647295,1000.0
ReLeaSE-MLP,COC(=O)CNN1CCCCn2[nH]c(c2Cl)COCN1,797.6213790342939,1000.0,1000.0,646.5631768953068
ReLeaSE-MLP,CC(=O)C(C)C,77.33009080995859,69.11363636363636,64.75535291788611,55.09747292418773
ReLeaSE-MLP,O=C1CSc2ccc(Br)cc2C1,648.7338732966367,583.75,466.8740761175274,298.5361010830325
ReLeaSE-MLP,O=C1CCCCCNC1=O,241.86973548369122,349.1363636363637,366.5928268853291,336.4043321299639
ReLeaSE-MLP,CN1CNC(=O)C(=O)O1,283.05573111382654,318.8636363636364,502.7624919620484,294.92960288808666
ReLeaSE-MLP,CCN1OC1=O,130.12785645951894,144.79545454545456,330.2560269246357,208.3736462093863
ReLeaSE-MLP,O=[B-]CNNN1CCC1,160.6019060525349,220.47727272727272,268.6062087196177,264.27436823104694
ReLeaSE-MLP,O=C(O)N1C=CN(Br)CCCNCCC1,445.1072891981758,530.7727272727273,704.1143552429835,489.6805054151625
ReLeaSE-MLP,O=C1CCB[N+]OCC1=O,252.64582470185226,364.2727272727273,489.12008780451686,336.4043321299639
ReLeaSE-MLP,COC(=O)C1CCO1,160.66991636611417,205.3409090909091,291.3331012403472,334.601083032491
ReLeaSE-MLP,O=C1NCPCCCCS1,186.08379861977332,326.4318181818182,464.83530659662017,397.7148014440433
ReLeaSE-MLP,CN1CC(=O)NCCC1=O,305.9635452673886,349.1363636363637,490.76719930730013,320.17509025270755
ReLeaSE-RF,C[SH](C)(=O)F,46.207859832855796,40.387096774193544,101.64426702201315,36.84928229665072
ReLeaSE-RF,CC1(C)CC1,31.25987054862698,54.70967741935484,17.550688825739208,96.59808612440192
ReLeaSE-RF,CC1(CC(F)(F)F)N=NC(N)O1,171.30032461169864,201.51612903225808,321.5155881777285,320.45693779904303
ReLeaSE-RF,CCOOCC1=CCCC(=O)N1CO,189.99965805431188,226.5806451612903,372.62672273655176,168.29665071770336
ReLeaSE-RF,CCNC(=O)CCCC(=O)c1ccc(F)cc1Cl,376.4051530392807,337.58064516129036,423.8013253342025,122.88755980861244
ReLeaSE-RF,CCCC(=O)Sc1ncc(O)nn1,241.64503175603443,255.22580645161293,418.7026375486038,79.86842105263158
ReLeaSE-RF,CCCCCC(C)O,34.32913296253158,51.12903225806452,97.57264865929294,65.52870813397129
ReLeaSE-RF,NC(=O)C(N)=O,62.82165103199473,79.77419354838709,83.36818793398767,12.153110047846889
ReLeaSE-RF,CCCC,1.0,1.0,1.0,1.0
ReLeaSE-RF,O=CC(=O)C1CC1O,108.28424613447156,122.74193548387096,183.29401921762485,194.58612440191388
ReLeaSE-RF,CCCNCCCC1CCONC1,94.71513278693337,162.1290322580645,273.01872921385245,218.48564593301435
ReLeaSE-RF,Cc1ccc(S(C(=O)O)=S(=O)(O)C(C)C)c(C)c1,500.36772968147454,359.06451612903226,434.5222780333489,211.3157894736842
ReLeaSE-RF,CCCCC1COCCCN(C=O)C1,133.27473774610667,201.51612903225808,297.2899784580281,245.57177033492823
ReLeaSE-RF,CCCCSC1=NN(C)CCCCCCCC2=CC(=C1)NN=CN(CC)CCC2=O,550.7032490760349,609.7096774193548,703.6077717497495,454.29425837320576
ReLeaSE-RF,CCOC1CC1CCCCC1c2cc(Br)ccc2C2=CN=C(C2)C(=O)C2CCCN1CCCCCC(=O)CSCC[N+]CN2,1000.0,1000.0,1000.0,1000.0
ReLeaSE-RF,CC(CCC=O)CCCC1C(=O)N1CCOCCCN1CCCCCC1,342.3148400165217,387.7096774193548,523.0772422527774,467.0406698564593
ReLeaSE-RF,CC[SH]1CCCCN(CNC(=O)C(=O)CC(C)(C)C)CN1,297.9822361765123,348.3225806451613,510.48220645537486,364.2727272727273
ReLeaSE-RF,CCCCCCOCC(=O)N1CCCC1,147.6434788869229,197.93548387096774,276.43933027196704,167.5
ReLeaSE-RF,CC1=CC(=[N+]NN2CC3CC=CC(=N3)OCCN(C)CCCN2)C=C1,509.27130338204057,559.5806451612902,648.1748989213094,494.92344497607655
ReLeaSE-RF,COCCOC(=O)OC,67.42645114218298,90.51612903225806,204.1379308568498,39.239234449760765
ReLeaSE-RF,CC[SH]1CCC2CCCN2CCCN(CO)CCCN1,224.169218927826,362.64516129032256,521.847318688046,517.2296650717703
ReLeaSE-RF,CNS(=O)(=O)COC(=O)C1=CC=C(C)C(C)=CS1,444.1780510264916,351.9032258064516,465.76479314505616,210.51913875598086
ReLeaSE-RF,O=C1CCNC(=O)OOC1,104.99892232514793,190.77419354838707,287.13505776587715,139.61722488038276
ReLeaSE-RF,Cn1ncnc([SH]=O)c1=O,257.8862688411616,226.5806451612903,358.6726813384139,54.3755980861244
ReLeaSE-RF,CC1=CN=CCN1CC1CC1,168.78112484652655,208.6774193548387,209.4660625795936,185.02631578947367
ReLeaSE-RF,CN1CN2CCCCCCCCCCCC(=O)C(CCC(=O)O1)C2,335.6011569296,473.6451612903226,533.1209304740188,554.6722488038278
ReLeaSE-RF,CNC(=O)n1cc(N(C)C)nn1,234.01843753003902,219.4193548387097,326.4439254423066,68.71531100478468
ReLeaSE-RF,C=C1N=C2N=NCN2CCCNC(=O)ON1C1=CC(O)C1,465.9899970920392,498.7096774193548,592.4415337980234,412.86842105263156
ReLeaSE-RF,CC1=NN=CC2=C(F)CCN12,232.49664516289846,262.3870967741936,273.12071735556225,173.07655502392345
ReLeaSE-RF,CCNC(=O)CCCCN1CCN(C)C=C(Cl)C=N1,288.0778448752982,316.09677419354836,500.13214988350575,216.89234449760767
ReLeaSE-RF,CC1CCO1,25.064322164730772,54.70967741935484,99.99303174033349,122.88755980861244
ReLeaSE-RF,CCC1=NN=NC1CCNC1=CC=CC2=COSC(=NC2)C2=CC=CC2=C1,744.0884013927387,699.2258064516129,670.9551963543302,476.6004784688995
ReLeaSE-RF,Cc1ccc(F)cc1,119.72513119523741,162.1290322580645,79.5217636931988,36.05263157894737
ReLeaSE-RF,COC(=O)C(C)[SH]1C=CC(CO)C1,179.9580123632451,215.83870967741936,307.1130841965672,304.52392344497605
ReLeaSE-RF,CN1CCCC(=O)C2=CC=C(C3CCN(C(C)(C)C)C(=O)N3)C(=N1)CCNC=C2,648.6976962626201,667.0,712.2346631404422,537.9425837320574
ReLeaSE-RF,CNC(=O)N(C)CCC1CCCOC(=O)NC1C,248.36790453580542,291.03225806451616,470.54538151920445,325.2368421052632
ReLeaSE-RF,CCCOCCNC(=O)N(O)CCN(C)C(=O)N1CCCC1,291.607843932943,319.6774193548387,570.6917952855435,223.26555023923444
ReLeaSE-RF,Cc1ccc2n(CCCN3CC(=O)CCN3CC(N)=O)cc(c(C)c1)C=CC=C2,752.8002550371605,659.8387096774194,708.2048551314994,359.49282296650716
ReLeaSE-RF,CCCOc1cccc(O)c1Cl,218.4554065379264,223.0,271.2608731004922,71.10526315789474
ReLeaSE-RF,CCc1c2c(O)cc(C(O)O)c1CCC(C1=CC=C3CC3=CC=CC=C(O)C1)=CC=C2,927.7386970451045,795.9032258064516,558.6524442263933,431.1913875598086
ReLeaSE-RF,CCN(C)n1ccsc1=O,211.34857915545402,165.70967741935485,321.81888767520917,55.17224880382775
ReLeaSE-RF,COC1=CC=C2CCCC(CC2)CN(C(=O)C(C)(C)C)C1,371.36812684665455,423.51612903225805,421.0685976732491,378.6124401913875
ReLeaSE-RF,CCCCNC,12.68378531897153,26.06451612903226,74.00449337076351,20.119617224880383
ReLeaSE-RF,COC1=CC(CC(=O)NC(=O)OCCCCC2CCCN(C(=O)CN)O2)=C1,517.2823269897958,487.96774193548384,771.9361726704383,380.2057416267943
ReLeaSE-RF,CCC(C)OC,18.751966068057218,29.64516129032258,87.58001512102909,46.409090909090914
ReLeaSE-RF,CCCCOC,12.68378531897153,26.06451612903226,76.18119367147268,20.119617224880383
